bhvr_col,Morgue_Butcher_Chopping
bhvr_wrld,MOO_Kansif_ReadingBook
col_arrival,DaisyAD_ThroughHole,DaisyAD_ThroughHole_SkippedPrison,DaisyAD_ThroughPrison
col_barracks,AD_MistressOfSouls_Combat,AD_MistressOfSouls_GoForth,AD_SkullLasher_001_Combat,AD_Minthara_EnteredBarracks,AD_SkullLasher_002_Combat,SkullLasher_003,MistressOfSouls_HighAlert,SkullLasher_002,SkullLasher_001,AD_SkullLasher_001_Prayer,AD_SkullLasher_002_AttackDummy,MistressOfSouls_RecognizeDarkUrge,MistressOfSouls_InterruptBlessing,AD_SkullLasher_003_Combat,AD_Blessing,MistressOfSouls
col_brainreader,Memory_Foreshadowing,Memory_ButcherDoors,Memory_Vault,Memory_TutorialSlave,Memory_Raptured,Memory_TrueSoul,Memory_None,Memory_TutorialDark,Memory_DeviceExplained
col_cleansingchute,PAD,Corpse_Dead,PAD_BloodShower
col_elderbrain,AD_Rapid01,AD_Rapid06,AD_Rapid04,AD_Whispers,AD_Rapid05,AD_Rapid02,AD_Rapid03
col_entrance,PAD_NeverThoughtWouldReturn,PAD,AudienceTentacle
col_entrancedoor,COL_EntranceDoor
col_gen,PAD_IntellectDevourerComment,AD_IntellectDevourer
col_general,PAD_CallLiftFail,PAD_ElevatorBanter
col_kethericshowdown,AD_Phase3Transition,AD_NightsongApostle,AD_NightsongFreed_Apostle,KethericIntro,PAD_AfterCombatComment,ChosenThree,AD_KethericFingerOfDeath,KethericDefeated,DaisyAD_ElderBrain,AD_KethericCommandTroops,CrownController,AD_NightsongTransform,AD_KethericInvulnerable_Apostle,DaisyAD_EntranceDoor,PAD_NightsongCaged,AD_NightsongFreed,AD_KethericInvulnerable,DaisyAD_GrabNetherstone,KethericApostle,AD_IsobelKilled,AD_NightsongAfterCombat
col_kitchen,Butcher
col_kitchenentry,PAD
col_kitchensecret,ResonanceStone_PAD
col_kitchenvista,PAD
col_memorylibrary,AD_ButcherReadsManuscript,PAD_Manuscripts
col_mizorarescue,AD_MizoraInPod
col_morgue,AD_Minthara_EnteredRoom,AD_Butcher_Death,AD_Us_Attacked,AD_Butcher_CombatTurn001,AD_Butcher_CombatEnter,AD_Butcher_CombatTurn002,Butcher_FreedUs,AD_Butcher_Idle,AD_Us_FollowPlayer,AD_Butcher_SpotUs,Us
col_nautiloid,PAD
col_necrolab,GrandDesignSculpture,AD_Minthara_WitnessedBrainDevice
col_necromancer,AD_Combat_SteelWatchers,AD_ZombieErrandDone,AD_Haruspicy,PAD_MolEyepatch,EnterRoom,AD_Combat_ResendZombie,AD_ReviveZombie,AD_ZombieErrand,AD_Combat_SendZombie,DaisyAD_Balthazar
col_necromancerlab,AD_MintharaEntersLab,AD_AstarionImmune,PAD_RitualArea,AD_Zombie
col_partysuppression,PAD_DefeatedKetheric
col_regenstation,PAD_SourcePain,PAD_WrongSource,PAD,AD_Butcher_SourcePain
col_tadpolechamber,PAD_BrinePool
col_tadpolingcentre,AD_MemoryImprint_003_Mindflayer,PostCombat_Yeva,AD_Manip_ColonyComment,AD_MemoryImprint_004_Mindflayer,PostCombat_Zevlor,PostCombat_Manip,AD_MemoryImprint_006_Zevlor,Pods,PAD_BrinePool_Tadpole,AD_MemoryImprint_005_Mindflayer,AD_Mindflayers_EnterCombat,AD_MemoryImprint_007_Mindflayer,DaisyAD_BrinePool,Zevlor_Dead,AD_MemoryImprint_009_Empty,AD_Zevlor_Combat,PAD_MizoraPodComment,AD_Zevlor_Pod,AD_MemoryImprint_008_Yeva,AD_Minthara_EnteredTadpolingCenter,DaisyAD_PodsComment,AD_MemoryImprint_002_Manip,AD_MemoryImprint_001_Mindflayer,AD_MemoryImprint_010_Empty_Ravengard,DarkUrgePod
col_vault,DaisyAD_GrandDesignReaction,Puzzle,Pod,PAD_GrandDesign,AD_Solving,PAD_PuzzleSolved
geb_moo,Jailbreak_AD_SpottedMissingPrisoners,NGB_MOO_General_SpottedUnwelcomeVisitors
glo_gatheryourallies,DaisyJournalBegin
hav_ad,Combat_FlamingFist_001_DesireDied,Combat_FlamingFist_006,Combat_FlamingFist_001,Combat_Desire,Combat_FlamingFist_003,Combat_FlamingFist_005
hav_alfiratale,ReunionWithFlirty,Bard,AD_WithFlirty
hav_backupleader,HAV_BackupLeader
hav_cat,HAV_Cat
hav_checkpoint,AD_Combat_Jaheira_001,AD_Combat_Jaheira_000,AD_Combat_Jaheira_002
hav_cursedfist,PAD_SpottedWrit,PAD_Writ,AD_CursedFistSinging,Dead_CursedFist,HAV_CursedFist
hav_daisyad,DiscoveredHaven
hav_devilishox,PAD_DeathReaction,AD_WeaponSmithReactionToOx,PAD_SecondInsight
hav_enteringhaven,PAD_Moonshield,TadpoleCheckpoint,PAD_Halsin
hav_exitblessingreminder,HAV_ExitBlessingReminder
hav_flamingfistcorpse,PAD_Found,PAD_TooHeavy
hav_florrick,HAV_Florrick
hav_general,AD_OutsideSignPost
hav_halsinquest,PAD_WaveSpawned2,AD_BedTalk,Spirit,PAD_WaveSpawned3,PAD_WaveSpawned4,PortalEntry,PAD_HalsinDeath,AD_HalsinCombat,Halsin,PortalEmerge,PAD_WaveSpawned0,Portal,PAD_HalsinReachedPortal,PAD_WaveSpawned1
hav_harperguard,001,002
hav_harperguard,002_AD_WithMirkon
hav_harperscouts,AD_Arrival_Harper_001,AD_Arrival_Harper_000,Harper_003,Harper_000,Harper_001,AD_Arrival_Harper_003
hav_haven,AD_Jaheira_SiegeCombat_002,AD_Jaheira_IsobelCombat_001,AD_Jaheira_IsobelCombat_000,AD_FlamingSpy_IsobelCombat_001,AD_FlamingSpy_IsobelCombat_000,AD_FlamingSpy_IsobelCombat_002,AD_Jaheira_SiegeCombat_000,AD_Jaheira_IsobelCombat_002,AD_Jaheira_SiegeCombat_001
hav_havenoutcasts,AD_Combat_FountainGuards_Melee_2,AD_Combat_BarricadeGuards_Melee_Dwarf,AD_Combat_BarricadeRunners_Ranger,AD_Combat_HarperQuartermaster,AD_Combat_DockGuard_Melee_JaheiraDied,AD_Combat_RoofWatcher_Caster,AD_Combat_EntranceGuards_Halfling_Melee_JaheiraDied,AD_Combat_BarricadeGuards_Melee_Dwarf_JaheiraDied,AD_Combat_DockGuard_Ranger,AD_Combat_BarricadeYeller_Ranger,AD_Combat_EntranceGuards_Halfling_Melee,AD_Combat_DockGuard_Melee
hav_havenoutcasts,AD_FountainGuards_ThreeWay,DockGuard_Left_Ranger,FountainGuards_Melee_2,AD_BarricadeGuards_Melee_Dwarf_InCombat,AD_DockGuard_Ranger_InCombat,BarricadeRunners_Ranger,AD_HarperQuartermaster_InCombat,HarperQuartermaster,AD_BarricadeRunners_Ranger_InCombat,AD_BarricadeRunners,BarricadeGuards_Caster_WoodElf,DockGuard_Melee,BarricadeGuards_Melee_Dwarf,EntranceGuards_AD_Halfling_Melee_JaheiraDefeated,DockGuard_Ranger,AD_DockGuard_Left_Melee,AD_DockGuard_Ranger,EntranceGuards_AD_Halfling_Melee_InCombat,BarricadeYeller_Ranger,DockGuard_Left_Melee,FountainGuards_ThreeWay,EntranceGuards_Caster_HighElf,AD_QuartermasterReport,AD_JaheiraReport,RoofWatcher_Caster,AD_FountainGuards_Melee_2_InCombat,AD_DockGuard_Melee_JaheiraDefeated,AD_RoofWatcher_Caster_InCombat,AD_BarricadeYeller_Ranger_InCombat,FountainPatrol_Caster,AD_DockGuard_Melee_InCombat,FountainGuards_Melee_1,EntranceGuards_Halfling_Melee,AD_BarricadeGuards_Melee_Dwarf_JaheiraDefeated
hav_isobel,AD_WithNightsong,HAV_Isobel,AD_LookKetheric,Dead,DismissesHalsin,AD_AtSpyCorpse,AD_Prayer,AD_KethericBust,AD_MarcusDefeated,AD_PrayerEnd
hav_jaheira,AD_DiscussingMarcus,OutOfPosition,AD_CombatTaunts,AD_AtCheckpoint,AD_Attention,MeetsHalsin,HAV_Jaheira,AD_PlayersAttackJaheira
hav_lakesidecombat,ARENA_Wave2,ARENA_Wave1,ARENA_Wave0
hav_lastlightox000,HAV_LastLightOx000
hav_lastlightox001,HAV_LastLightOx001
hav_lastlightox002,HAV_LastLightOx002
hav_lonelover,AD_StartLoverPromenade,AD_Promenade,Reunited,AD_Alone,AD_Reunited,Danis,Bex
hav_marcus,DismissesHalsin
hav_minthara,HAV_Minthara
hav_misc,AD_Blackboard,PAD_SeluneShrine,PAD_MeenlockReaction
hav_molsdeal,Lanceboard_AD,AD_MonitorLeave,MolMoving,Raphael,RaphaelWaiting,AD_NoticedStolenBoard,Lanceboard_ThreeWay,Mol
hav_ngb,EnteringHaven_Trespassing,DouseTorch
hav_nightsong,HAV_Nightsong
hav_pad,StuffedBear
hav_prodigylament,AD_AngryBrother,Rolan,AD_RolanReturns,Hologram,Ide,AD_AfterReunion,AD_BeforeReunion,Reunion,AD_BrotherWaitingAlone,AD_SiblingsReturn,AD_WaitingForRolan,PAD_HologramReaction,AD_RolanAndKid,Umi,Brother,AD_SisterWaitingAlone,AD_BartendingKids,Sister,AD_AngrySister
hav_ravengard,HAV_Ravengard
hav_savingprisoners,AD_LoverInspection,FlamingFist_006,AD_BrotherInspection,AD_ArguingWithFlorrick,AD_WulbrenInspection,FlirtyTiefling,Manip,AD_SisterInspection,AD_FlamingFist_003_InCombat,FlamingFist_001,AD_FlamingFist_001_CouncillorDefeated,AD_FlirtyInspection,AD_FlamingFist_006_InCombat,FlamingFist_002,FlamingFist_003,Arrival,AD_Gnome02Inspection,AD_FlamingFist_005_InCombat,AD_FlamingFist_001_InCombat,AD_Inspection,FlamingFist_004,ArrivalInspector,FlamingFist_005,AD_Desire_InCombat,AD_Gnome01Inspection
hav_siege,AD_Jahiera,PAD_TentacleAppeared,Outro,Intro
hav_takingisobel,FlamingSpy,JaheiraCallToArm,PAD_SpyTransformationClue,AD_SpyWaiting,AD_SpyAtEntrance,IsobelSaved,AD_BeforeFlamingSpy,AD_ReactingToRoofNoise,SpyCapture,CoolingDown,Jaheira_AD_ToIsobel,FlamingSpy_Dead,BriefInRoom,AD_FollowUp,AD_SpyRemindsKO,FollowUpSaved,AD_CombatBetrayalReveal
hav_tieflingdismisseshalsin,HAV_TieflingDismissesHalsin
hav_tieflingsurvivors,KidsAfterGhoulAttack_AD,AD_Mattis,AD_PlayerFoundTreasure_UmisComment,KidsAfterGhoulAttack,Weaponsmith,Mirkon,Mattis,AD_PlayerFoundTreasure_MirkonsComment
hav_vb,ShadowSiege_PlayerEntersCombat
hav_wrootrequest,AD_Reunion,AD_GnomeAndCat,Gnome001,Gnome002,Wulbren,AD_SeekingWulbren,Reunion,AD_ReturnedPrisoners,UnfortunateGnome
moo_alarm,Eye
moo_apostleentry,PAD_Ritual
moo_assault,AD_GuardJumper,AD_AccessCultistCombat,AD_JaheiraSolo,HavenOutcasts_HarperQuartermaster,HavenOutcasts_DockGuard_Ranger,BossFightIntro,Jaheira_TopOfTowerBackup,Executioner,CrestfallenHound_SwA,KethericLeaving,AssaultHarper_001,HavenOutcasts_DockGuard_Left_Ranger,FirstKethericInterruption,AssaultFlamingFist_001,DarkUrgeButlerReminder,AssaultFlamingFist_002,AssaultHarper_003,PAD_ReadyToMeetKetheric,DaisyAD_FollowKetheric,Jaheira_Following,AssaultHarper_002,JaheiraThroneRoomOrders,AssaultFlamingFist_003,PAD_AfterKethericCombat,AD_PrisonWarden,AD_ZrellCombat,TentaclelessJump,AD_GuardObserver,AssaultFlamingFist_004,AD_ZrellCallout,AD_BarnabusCombat,AD_JaheiraFollowerLeave,AD_WardenWaiting,AD_ZrellTaunt,Jaheira,HavenOutcasts_BarricadeRunners_Ranger,AD_JaheiraMoveForward,PAD_PrisonSkeletonWarning,AssaultHarper_004
moo_audience,Skeletons,PAD_TownVista,Ketheric,AD_RoofGreeting,WaitingKetheric,AD_Ketheric,Altar,AD_MumblingSul,RoofTransgression,AccessCultist,RoofCultist
moo_balthazarlab,Circle
moo_balthazarlab,Circle_PAD
moo_balthazarssecrets,PAD_NightsongInfo
moo_bazaar,PAD_SharranObservation,Zhent02,AD_Pilgrims,AD_BugbearThrow,BazaarStander_006,BazaarStander_007,Guard01,Bystander01,Bystander00,Guard00,AD_GoblinsListening,AD_GuardRejectPilgrims,AD_BazEntranceGuard_002,AD_Minthara_BazaarEntry,Bystander03,Bystander02,AD_GoblinsAfterExecution,Zhent00,BazEntranceGuard,AD_ZhentarimCrew,BazaarStander_005,Zhent01,Bystander04
moo_bazentranceguard,002
moo_bugbearvendor,MOO_BugBearVendor,AD_Combat
moo_catbusiness,MOO_CatBusiness,AD_CrimeReaction
moo_crime,LoneUnwelcomeTowerVisitorApproach
moo_docks,GuardObserver,Vat,AD_ObserverWitness,PAD_Vat,AD_Patroller001Witness,AD_Minthara_AtDocks,GuardJumper,AD_JumperGreeting,AD_ObserverFishing,AD_Patroller000Witness,GuardPatroller001,AD_ObserverInspect,Checkpoint,GuardPatroller000
moo_drider,AD_Combat,AD
moo_dridercaravan,AD_OnBreak,AD_GoingForBreak
moo_entrancecheckpoint,DaisyAD_Approach,Guard1,Ghoul1,MOO_EntranceCheckpoint,AD_Ghouls,AD_Guards,Ghoul3,AD_Guard001Greeting,Drider,Guard2,Ghoul2
moo_execution,AD_MintharaPlea,Guard_003,Guard_002,AD_DarraPlea,Guard_005,Guard_004,AD_SazzaPlea,DaisyAD_PostExecution,MOO_Execution,Guard_006,CombatInterruption,Guard_001,AD_GoblinsInCombat,AD_DrennPlea,AD_FezzerkPlea
moo_executioner,MOO_Executioner
moo_executionthrone,PAD_Use
moo_flyingghoul,MOO_FlyingGhoul,AD_Hungry
moo_guardroom,Guard01,Guard02
moo_hiddentreasure,PAD_TreasureDiscovered,PAD_MapMarker
moo_infernalvendor,MOO_InfernalVendor,PAD_FeelingSick,AD_Idling
moo_isobelroom,AD_Minthara_EnteredIsobelRoom,AD_MelodiaThorm
moo_jailbreak,PAD_ApproachingPrisoners,AD_FlirtyTiefling,AD_TieflingsFreed,AD_TieflingInspection,AD_GnomesInJail,ProdigyBrother,AD_ProdigiesInJail,AD_WardenInspection,AD_ToolAccepted,AD_WaitingForGnomes,Guard_004,GnomePrisoner_002,Boat,ProdigySister,AD_ProdigySister,FlirtyTiefling,AD_WardenChase,Wulbren,Warden,AD_ProdigyBrother,AD_Gnome01,AD_WardenInCombat,AD_WardenSpottedMissingPrisoners,Guard_002,AD_TieflingLover,AD_Gnome02,AD_Wulbren,PAD_CheckingOutBoat,AD_ToolRefused,GnomePrisoner_001,AD_GoToTieflings,Lover
moo_ketheric,PAD_AstarionsComment,SCL_Ketheric_AD_Execution
moo_ketherichound,Hound_SwA,AD_Patrol,AD_Bark
moo_kethericroom,AD_Minthara_EnteredKethericRoom
moo_kethericschambers,PAD_ReadWifesNote
moo_kethetic,DaisyAD_AttackImmortal,DaisyAD_AttackImmortalRepeated
moo_kitchen,AD_Gnoll02,AD_Gnoll01,AD_Gnoll00,AD_Gnoll001Howl
moo_kitchenfight,AD_BackToWork,AD_FoodPrepComment,GnollMaster,MasterGrieving,GnollAttack,AD_SweepingBroom
moo_library,AD_Minthara_EnteredLibrary
moo_mintharafate,AD_TorturersPostTorture,AD_AttackedTorturers,AD_WelcomingMinthara,Checkpoint,AD_FailedInterrogation,PAD_HelpMinthara,Torturer2,DrowFollowing,Torturer1,AD_TorturersBeforeTorture,AD_PassedInterrogation,Escaped,Drow,AD_TorturersInCombat,Torture,AD_Torture
moo_misc,DaisyAD_Audience
moo_monkamulet,AD_PrisonComment
moo_necromancerlab,AD_DUBackgroundBook
moo_necromancersroom,AD_Minthara_EnteredNecromancerRoom
moo_ngb,Jailbreak_SpeakToPrisonerCrime,MintharaFate_SpottedWithMinthara
moo_nightsongdeath,AD_ZrellWaiting
moo_oubliette,PAD_HorrorScreech,PAD_Entry,PAD_ColonyComment,CorpseMembranes_Dead,PAD_Escape
moo_outcast,AD_KethericCombat,AD_ZrellCombat
moo_prison,AD_CellPlaque5,AD_CellPlaque4,Guard00,AD_CellPlaque3,AD_CellPlaque2,AD_TortureBed,AD_CellPlaque1,AD_Minthara_EnteredPrisonArea
moo_throneroom,AD_Minthara_ThroneRoomEntered
moo_traproom,CellarMaster
moo_upperfloor,AD_AccessCultistPrayer,Guard02,TrespassWarning,Guard00,Guard01,AD_ImpatientGuards
moo_walltentacle,AD_GuardsInterrupt,DaisyAD_FeignSuprise,Tentacle,Ogre,AD_TentacleShaft
moo_warehouse,Guard02,AD_Guard01_02,Guard01
moo_zrellbriefing,FlamingSpy_Dead,AD_WithGuard001,FlamingSpy,AD_WithGuard000,Ogre,AD_WithCultist,AD_WithSpy
sce_ad,NimbleAndNickels,UnfortunateGnome,Nickels,Umi,Ide,Cerys,Mattis,Wulbren,Nimble,Alfira
sce_alfira,SCE_Alfira
sce_cerys,SCE_Cerys
sce_cursedfist,SCE_CursedFist
sce_debrief,AD_JaheiraAndMinthara
sce_gnomeprisoner,002,001
sce_halsin,SCE_Halsin
sce_ide,SCE_Ide
sce_isobelnightsongreunion,SCE_IsobelNightsongReunion
sce_isobelsoloreunion,SCE_IsobelSoloReunion
sce_jaheira,Debrief,AD_EpilogueIntro
sce_jergal,Debrief,AD_EpilogueIntro,AD
sce_mattis,SCE_Mattis
sce_minthara,Dead,SCE_Minthara,AD,Debrief
sce_nightsongsoloreunion,SCE_NightsongSoloReunion
sce_partyvb,PAD_ShadowCurseNotLifted,PAD_ToBaldursGate,PAD_UnfinishedBusiness,PAD_CurseStateComment
sce_patrollingflamingfist,000,001
sce_ravenguardfollowup,AD_ArtAndFlamingFist,AD_MainGateFlamingFists
sce_standingflamingfist,001,000,003,002
sce_umi,SCE_Umi
sce_unfortunategnome,SCE_UnfortunateGnome
sce_wulbren,SCE_Wulbren
scl_ad,ShadowMemory4,ShadowMemory20,ShadowMemory8,ShadowMemory16,Entrance_Plaque3,ShadowMemory17,Entrance_Plaque2,ShadowMemory9,ShadowMemory21,ShadowMemory5,ShadowMemory10,ShadowMemory2,ShadowMemory26,ShadowMemory30,ShadowMemory31,ShadowMemory27,ShadowMemory3,ShadowMemory11,ShadowMemory28,ShadowMemory12,ShadowMemory32,ShadowMemory24,ShadowMemory1,ShadowMemory25,ShadowMemory33,ShadowMemory13,ShadowMemory29,ShadowMemory22,ShadowMemory6,ShadowMemory18,ShadowMemory14,Entrance_Plaque1,ShadowMemory15,ShadowMemory19,ShadowMemory7,ShadowMemory23
scl_crossroads,AD_Sign
scl_deadcursedanimal,PAD_FindAnimal
scl_deaddruid,PAD_ReadResearch
scl_drider,Harper_Melee_000_AD_DriderDies,Harper_Ranger_000_AD_LassandraDies,Caravan_AD_HalfOrcCaster,ThanksAfterAmbush,HarperRanger_001_AfterAmbush,PAD_TakeLanternAfterAmbush,Harper_Melee_000_AD_PlayerTookLantern,AD_HarpersAfterAmbush,AD_HarpersReachAmbushHouse,Harper_Melee_000_AD_LassandraDies,CaravanAmbushed,Caravan_AD_Hyena,HarperCaster_000,CaravanStart,HarperScout_PreparingForAmbush,AD_AllHarpersWaitingAtAmbush,CINE_CaravanIntro,HarperMelee_000_AfterAmbush,WaitingDuringEscort,Harper_Melee_000_AD_TakesMoonlantern,AD_HarperWaitingAtAmbush,AtTower,AD_Harper_Melee_000,HarperRanger_000_AfterAmbush,Harper_Melee_000_AD_DriderDropsLantern,Caravan_AD_HalfOrcAndGoblinAtCheckpoint,Caravan_HalfOrcMelee_AtTower,Caravan_HalfOrcMelee,HarpersAndPlayersAmbush,AD_DroppedLantern,AD_CombatStarts,PAD_BacktrackedToCaravanCheckpoint,AD_Harper_Caster_000,Caravan_GoblinRanger_AtTower,HarpersAtInn,AD_EscortInterrupted,Caravan_GoblinMelee_000_AtTower,AD_HarpersPreparingBeforeAmbush,Caravan_AD_MeleeAndRangerGoblinsAtCheckpoint,Dead,PlayersAmbush,Caravan_GoblinMelee_001_AtTower,AD_KillsSomeone,Caravan_HalfOrcCaster_AtTower,AD_Harper_Ranger_000,AD_Warning,Caravan_HalfOrcCaster,AD_HarpersReachTree,AD_AfterAmbush,AD_PlayerTakesMoonlantern,AD_ArriveToTollHouse,HarperMelee_000,AD_CaravanConflict,Caravan_GoblinRanger,AD_AfterTollhouse,Caravan_GoblinMelee_000,AD_HarpersMoveTowardsAmbush,HarperNarrator_AfterAmbush,HarperCaster_000_AfterAmbush,AD_TollhouseFight,HarperRanger_001,AD_Harpers_AtInn_AfterAmbush,HarperRanger_000,Caravan_GoblinMelee_001,AD_BeforeAmbush,Harper_Melee_000_AD_CombatStarts,AD_HarperTakesMoonlantern,Caravan_AD_GoblinMelee_001,HarperScout_AfterAmbush,Caravan_GoblinMelee_001_AD_AtCheckpoint
scl_dridercaravan,AD_HalfOrcs_AtTower,HalfOrcCaster_AD_DriderDies,GoblinMelee_000_AD_DriderDies,GoblinMelee_001_Checkpoint,HalfOrcCaster_Checkpoint,GoblinRanger_Dead,AD_Goblins_AtTower
scl_entrypoint,PAD_CurseRemovedByLight,PAD_AfterCutscene_2Characters,PAD_Curse,PAD_AfterCutscene,PAD_Curse_4Characters,DaisyAD_ReachTowers,PAD_Curse_2Characters,AD_Sign,Underdark,Mountain
scl_entrypointgoblin,Dead
scl_general,AD_Signpost,AD_MountainPassSignpost,PAD_HalsinBridge,VB_RoadToPlains
scl_githcreche,GithExplorer_Dead
scl_graveyard,VB_DirtpileGas,VB_Debilitated,VB_Revitalized
scl_halsin,StayInSCL
scl_harperscout,000_AD_TakesMoonlantern,000_AD_DriderDropsLantern,000_AD_CombatStarts,000_AD_DriderDies,000_AD_PlayerTookLantern
scl_harperscouts,AD_HarperScout_003_Combat,Dead_HarperScout_000,AD_HarperScout000_ExplainShadows,BridgePoint_001,ShadowCreatures,AD_HarperScout_000_Combat2,AD_HarperScout_000_Combat3,BridgePoint_000,AD_HarperScout_000_Combat,PostCombat_HarperScout_003,AD_HarperScout_003_WrongWarning,PostCombat_HarperScout_000,AD_HarperScout_000_LeaveWarning,BridgePoint_003,AD_HarperScout_000,AD_HarperScout_001_LeaveWarning,PostCombat_HarperScout_001,AD_HarperScout_001_WrongWarning,AD_HarperScout_001_Combat,AD_HarperScout_000_WrongWarning,AD_HarperScout_003_LeaveWarning
scl_harpersduty,DeadHarper
scl_hyena,AD_CaravanLeaves,AD,SCL_Hyena
scl_karlach,PAD_ComplainsAboutCurse
scl_mastiffpoachers,PAD_TouchedTorches,TrueSoul_Dead,PAD_TouchedTorches_WithGale
scl_minthara,StayInSCL
scl_misc,PAD_Graveyard,PAD_DeadDruids,PAD_ShadowlandDevastation
scl_monkamulet,AD_ShadowlandsComment
scl_oliversdiary,PAD_HideAndSeek,AD_CreepyNoises001,OliverShadow,AD_CreepyNoises,AD_OliverDeathScream
scl_olivershadow,PAD_FlowersAtHouse,AD_PlushDied,AD_AfterHideAndSeek,Acceptance,AD_Dome50PercentHP,AD_StartOfFight,AD_Dome25PercentHP,AD_Hiding,AD_FriendsSummoned,AD_Dome75PercentHP,AD_SummoningPlush
scl_pickedupseluneidol,PAD
scl_pixie,AD_AsksForHelp,PAD_ReactionToPixie,InsideLantern,AD_ScreamingInsideLantern
scl_pixiebell,SCL_PixieBell
scl_plunderedcaravan,PAD_InvestigatedOx,PAD_InvestigatedKidnapping,PAD_InvestigatedTiefling
scl_prodigy,PAD_FoundRolan,SCL_Prodigy,AD_AgainstShadows
scl_ruinedbattlefield,AD_LostGoods,AD_EmeraldEnclaveFallen
scl_servantoftheraven,Raven_AD_GoBack,AD_TakingTurn_001_Combat,Madeline_SwD,Raven,ShadarKai,AD_TakingTurn_002_Combat,AD_Idle,Memories,AD_TakingTurn_003_Combat,Raven_AD_Bye
scl_shadowbirds,PAD_Approach
scl_shadowcurse,PAD_ShadowheartBlessed,PAD_WantsOintment,PAD_ShadowheartResistant,PAD_LightsSnuffedOut,PAD_ShadowheartBlight,EmperorAD_CompanionCursed
scl_shadowheart,PAD_DarkJusticiarRemains
scl_siegeremains,AD_HistoryCheck
scl_signpost,AD_BeforeTown
scl_skepticalrobber,PAD_DiscoverBurrow,PAD_FoundFootprints,PAD_ReadRobbersNote,PAD_DiscoverGrave,AD_ReadTombstone
sha_academyaltar,PAD_RatsAltar,SHA_AcademyAltar
sha_ad,OathPlaque2,OathPlaque,HQ_Plaque1,TrialsPlaque1,NightsongPrison_Plaque1,EntranceSharPlaque
sha_barracks,AD_Plaque
sha_cloaker,PAD_Ambush
sha_corpsepit,PAD_TriggeredShadows
sha_crypt,PAD_PuzzlePlaque,PAD_StatueReaction,AD_MagicSkull,PAD_Welcomed,PAD_MagicLockedDoor,PAD_StatueTalksReaction,PAD_PushedByRing,AD_Mirrors,AD_CandlestickCountdown
sha_disc,PAD_Unlocked,Altar,PAD_ShadowheartVista
sha_displacer,SHA_Displacer
sha_doublesencountertrial,SHA_DoublesEncounterTrial
sha_entrance,PAD_RecognisedSharTemple
sha_familiarface,AD_MonitorLeaves
sha_fleshgolem,AD_TurnsAgainstPlayer,AD_TurnsAgainstPlayerResponse
sha_gauntlet,PAD_Shadowheart
sha_hq,PAD_BrokenMirrorOfLoss,AD_ShutteredMirrorOfLoss
sha_lastjusticiar,PAD_KillRats,PAD_RitualBook,AD_Prayer,AD_GrabAttention,RatsNegotiate,RatsCalm,JusticiarAppears,AD_UltimatumLure,RatsUltimatum,SpeakWithDead,RatsPanicked,PAD_RitualCircle
sha_mausoleum,PAD_MyrkulSymbol,PAD_MakeshiftVessel,PAD_Mural_002,PAD_KethericsMap,PAD_FoundIsobelsPlaque,PAD_SkullBalthazaarIntro,AD_IsobelsPlaque,PAD_TempleSuspicion,CINE_DescendingIntoTemple,PAD_FoundDisc,PAD_Mural_000,PAD_OpenTomb,PAD_NecromancersRoom,PAD_DisarmedPressurePlate,PAD_FoundDisc_2Players,PAD_KethericsWifePlaque,PAD_Mural_001
sha_merregon,007,006,001,000,003,002,005,004
sha_monitor,AD_WaitingAtGraveyard
sha_monkamulet,AD_DiscComment
sha_necromancer,PAD_MintharaReaction,AD_EnemyVulnerable,AD_OrderingGhouls,AD_StartTurn,AD_GolemDead,Chosen,GolemInvitation,AD_Justiciar_TakingTurn_2,AD_Death,Barricade,AD_BarricadeLeader,AD_Justiciar_CombatStarts,AD_Justiciar_TakingTurn_1,PAD_DefeatedNecro,AD_OutsideRoom,FleshGolem,AD_DominateGolem,AD_LowHP,AD_GhoulSnarl,Skeletons,NecroInvitation,AD_GolemGoesBerserk
sha_ngb,NightsongPrison_PlayerAttackedNecro
sha_nightsong,AD_NightsongAttacked,CINE_NightsongsDeath,CINE_NightsongsFlight,AD_TauntPlayer
sha_nightsongprison,PAD_Prayer,PAD_NightsongsFateReaction_Solo,AD_Plaque2,AD_MartialPlaque,AD_NecroUnavailable,AD_EntrancePlaque,ArriveAtShadowfell,AD_Plaque3,PAD_EnteredShadowfell,NecroAndNightsong,PAD_ShadowfellEntrance,CINE_EnterWater,PAD_NightsongsFateReaction,AD_NightsongUnavailable,AD_DarknessPlaque,PAD_ShadowheartBaptism,PAD_EntrancePlaqueReaction_1,NightsongsFate,PAD_EntrancePlaqueReaction_2,AD_NecroAtPrisonEntrance,GatherYourParty,PAD_FalseNightSpear,AD_NecroAndNightsong,NightsongFreed,AD_StealthPlaque,AD_VanishingJusticiarChanting
sha_objectofdarknesstrial,SHA_ObjectOfDarknessTrial
sha_orthon,AD,AD_DisplacerGrowl,TrespassLair,AD_MonitorLeaves,PAD_VictimsDisplay,AD_FormLines,AD_TransitionsToSecondPhase,AD_AmbushStartsAtUpperFloor,AD_BetrayedByDisplacer,AD_MineClusterAbility,AD_VictimStand,AD_KilledEnemy,SHA_Orthon
sha_orthonbed,PAD,Dead
sha_orthonlair,PAD_DefeatedOrthon,PAD_AmbushPerceptionCheck,PAD_EnteredLair,AD_MerregonAndOrthon
sha_orthonslair,PAD_Plaque
sha_pad,Sarcophagus1Plaque,Sarcophagus2Plaque,OnEnter
sha_pathofdarknesstrial,SHA_PathOfDarknessTrial
sha_raphael,SHA_Raphael
sha_sharwrath,PAD_ShadowheartReturns
sha_silentlibrary,PAD_OpenedScrollDoor,PAD_SpearLoot,AD_SilencePlayer,AD_RiddlePlaque
sha_spidermeathunk,SHA_SpiderMeatHunk
sha_tadpoledskeletons,AD_ScoutsRetreat,Scouts,PAD_OnTurn
sha_trapjunction,AD_AlarmStatues
sha_trials,PAD_DarkJusticiar,PAD_ObjectOfDarknessPlaque,PAD_PathOfDarknessHint,PAD_MentalTortureHint,PAD_TortureRoomPlaque,PAD_PathOfDarknessSecondWarning,PAD_ShadowheartIntro,AD_LightTrialShadow,PAD_TeleportedByShadow,PAD_HaveAllGems,PAD_PathOfDarknessFirstWarning,PAD_DontHaveGem,PAD_SpotGem,PAD_ObjectOfDarknessHint,PAD_PathOfDarknessPlaque
sha_voiceofshar,PAD_VoiceReaction,AD_TrialIntro,AD_Baptism,AD_Welcome,AD_ProgressionCommentary
twn_aasimarsurvivor,PAD_TrapSpotted,PAD_DoorSpotted
twn_approachedbloodbankinventorylist,PAD
twn_arabellaspowers,ZombieArabella_Dead,TownIntroduction,AD_Arabella,ParentA_Dead,PAD_FoundParents
twn_bgsignpost,AD
twn_centralsquare,PlaqueOfCharisma,Plaque_001_AD,PAD_ExitLocked,PAD_PlaqueFirstUse,PAD_EnteredSanctuary,AD_Justiciar,SharAltar,PlaqueOfWisdom,Plaque_002_AD,PlaqueOfIntelligence,Plaque_003_AD
twn_centralsquaresignpost,AD
twn_distillery,Brewer_Zombie_01,ResearchNotes,PAD_Brewer_Poison,PAD_Brewer_Drunk,AD_Brewer_Zombie_02,AD_Brewer_Hallucinating_004_Combat,AD_Brewer_Zombie_03,AD_Brewer_Hallucinating_001_Combat,PAD_Brewer_Physical,AD_HalflingsSign,PAD_Entrance_1P,AD_Brewer,AD_WaningMoonSign,AD_Brewer_Zombie_04,AD_Brewer_Hallucinating_002_Combat,AD_Brewer_Necro_Combat,PAD_Brewer_Fire,AD_Brewer_Physical_Combat,AD_Brewer_Drunk_003_Combat,PAD_Brewer_CombatStarted,AD_Brewer_Poison_Combat,PAD_Entrance_2P,PAD_ArmInBarrel,PAD_Brewer_Hallucinating,PAD_Brewer_Cold,PAD_Brewer_Acid,PAD_BrewerDead,PAD_Brewer_Lightning,AD_Brewer_CanSeePlayer,AD_Brewer_Hallucinating_005_Combat,Brewer_Zombie_04,AD_Brewer_Lightning_Combat,PAD_Brewer_Necro,Brewer,Brewer_Zombie_03,AD_Brewer_Drunk_002_Combat,AD_Brewer_Acid_Combat,AD_Brewer_Fire_Combat,PAD_Brewer_PassedOut,AD_Brewer_Cold_Combat,AD_Brewer_Hallucinating_003_Combat,AD_Brewer_Zombie_01,Brewer_Zombie_02
twn_distillerysignpost,AD
twn_finale,LeavingAct,PAD_ArmyLeft
twn_fishermannote,AD
twn_gale,LootBoss
twn_helpwantedposter,AD
twn_hospital,AD_Surgeon_SuccessfulSurgery_Combat,AD_Surgeon_Leech_Combat,AD_Surgeon_InstrumentRequest_002_Combat,PAD_SurgeonDead,Reception_Receptionist,ZealousAssistant_003,AD_Surgeon_InstrumentRequest_004_Combat,AD_ResponseToSurgeon_001_Combat,ZealousAssistant_002,Reception_CorpseTender,AD_Surgeon_InstrumentRequest_001_Combat,Surgeon,ZealousAssistant_003_AD,Patient_AD,PAD_Entrance_2P,AD_Surgeon_Trepan_Combat,ZealousAssistant_001,Patient,AD_ResponseToSurgeon_003_Combat,AD_Surgeon,ZealousAssistant_000,AD_Surgeon_InstrumentRequest_003_Combat,PAD_Entrance_1P,AD_ResponseToSurgeon_000_Combat,AD_Surgeon_Syringe_Combat,ZealousAssistant_000_AD,AD_Surgeon_Bonesaw_Combat,ZealousAssistant_001_AD,RooftopRaven
twn_hospitalplaque,AD
twn_hospitalsignpost,AD
twn_interactedwithbloodbankinventorylist,PAD
twn_korrillathespy,Korrilla
twn_laezel,AD_DeadGithyankiBodyWithMap
twn_marchingarmy,PAD_Arrested,Arrest,PAD_Warning
twn_masonguild,AD_FakeMasonBones
twn_masonsguild,PAD_Entrance_1P,PAD_Entrance_2P,AD_MasonPlaque
twn_masonsguildsignpost,AD
twn_mausoleum,PAD_MausoleumEntry
twn_mausoleumsignpost,AD
twn_missingpetsboard,PAD
twn_missingpetscollarspile,PAD
twn_monkamulet,AD_HospitalComment
twn_pickedupseluneprayerbook,PAD
twn_prayersandcharms,PAD_1P,PAD_2P
twn_readseluneprayerbook,PAD
twn_selunegrave,PAD_IdentifiedGrave
twn_shadowheart,PAD_StatueSight
twn_templeentrance,PAD_TempleApproach
twn_tohospitalsignpost,AD
twn_tollhouse,AD_TollhouseMaster_Buff_001_Combat,TollhouseMaster,AD_Face_Heartlessness,AD_TollhouseMaster_Buff_004_Combat,Face_Regret,PAD_CormyrCrate,AD_TollhouseMaster,AD_SafeSkeleton,Face_Cowardice,AD_Face_Greed,AD_Face_Obedience,AD_TollhouseMaster_Buff_002_Combat,PAD_DalelandsCrate,Face_Guilt,PAD_TollmasterDead,AD_ConfiscatedItemsPlaque,AD_TollhouseMaster_Buff_005_Combat,PAD_ThayCrate,PAD_Entrance_1P,AD_Face_Regret,Face_Heartlessness,PAD_ConfiscatedItemPlaqueUsed,AD_Face_Guilt,Face_Obedience,PAD_BlockedDoor,Face_Greed,AD_TollhouseMaster_Buff_003_Combat,AD_SaveOpenedWithCombination,AD_TollhouseMaster_Vulnerable_Combat,PAD_Entrance_2P,AD_TollhouseMaster_Buff_006_Combat,AD_Face_Cowardice
twn_tollhousesignpost,AD
twn_tomasonsguildsignpost,AD
twn_vlaakithattack,PAD_GithRadarGoesOffComment,AD_Caster_000_TakingTurn_001,AD_Caster_000_CombatStarts,Melee_000_Dead,PAD_RealizeGithRadarFunction,AD_Caster_000_TakingTurn_003,AD_Caster_000_TakingTurn_002
