astarion_pad,Forbiddance
camp_darkurge,MurderOfAlfira_GD_MorningAfter
camp_gd,SparedIsobel_AfterMurder
cc_darkurge,Intro,ORI_DarkUrge_Healed
cc_wyll,Intro
col_mizorasrescue,COL_MizorasRescue,OM_Wyll_COM_AOM_OOM
col_wylldeath,OM_Wyll_AOM_OOM,OM_Wyll_COM,COL_WyllDeath
cre_astralprison,Daisy_OM_Laezel_AOM
cre_chainofcommand,Vlaakith_OM_Laezel_AOM_OOM,Betrayal_OM_Laezel_COM,Vlaakith_OM_Laezel_COM
cre_githinfirmary,Device_OM_Laezel_COM
cre_laezel,WRD_PostCrecheDestruction,GLO_Laezel_WRD_AfterVossCampConfrontation,GLO_Laezel_WRD_ProgressInAct2WithoutCreche,WRD_PostZaithisk,GLO_Laezel_WRD_GithEggRelated,LOW_Laezel_WRD_VossWentToSewers,TWN_Laezel_WRD_AmbushedByVlaakithsGith,LOW_Laezel_WRD_GotSilverSword,INT_Laezel_WRD_AboutOrpheusAfterIntermezzo,CAMP_Laezel_WRD_AfterVlaakithVisit,LOW_Laezel_WRD_SavedFromOrin,GLO_Laezel_WRD_LearnedAboutOrphicHammer
den_apprentice,WRD_Gale
den_capturedgoblin,SteppedInFrontOfCrossbow_WRD_Gale
den_forgingoftheheart,OM_Karlach_AOM_OOM_COM,GLO_ForgingOfTheHeart_PAD_DammonInHaven,GLO_ForgingOfTheHeart_PAD_KarlachSpotsDammon,GLO_ForgingOfTheHeart_KarlachUpgrades_Nested,GLO_ForgingOfTheHeart_OM_Karlach_AOM_OOM_COM,GLO_ForgingOfTheHeart_PAD_FoundInfernalMetal,GLO_ForgingOfTheHeart_FollowUp_OM_Karlach_AOM_OOM_COM
den_harpymeal,WRD_Gale
den_shadowdruid,WRD_Gale
den_thinglikeme,WRD_LaezelCreche
den_thinglikeme,OM_Laezel_AOM_OOM,OM_Laezel_COM
den_trainingkids,OM_Wyll_AOM
end_illithidoptions,WRD_KarlachTadpoleChoice,WRD_GaleBombOption,WRD_GaleTadpoleChoice,WRD_LaezelEmperorBetrayed,WRD_LaezelTadpoleChoice
for_owlbear,OM_Shadowheart_COM
for_village,OM_ShadowHeart_AOM_OOM_PostEA,OM_ShadowHeart_COM_PostEA
gale_ad,PreRecruitment
gale_deathvoice,Gale_DeathVoice,StatusFallback
gale_explosion,Gale_Explosion
gale_inpartytemplatetest,Gale_InPartyTemplateTest
gale_iprds,Gale_IPRDs
gale_iprds2,Gale_IPRDs2
gale_iprds3,Gale_IPRDs3
gale_recruitment2,Gale_Recruitment2
geb_partymember,AD_Warning_Assault
glo_astarion,GD_VampireRevelation
glo_companion,PAD_Warning_Assault
glo_companionswap,Hirelings,Camp,Recruitment
glo_darkjusticiarhints,OM_Shadowheart_AOM
glo_githchokepoint,WRD_Laezel,PLA_GithChokepoint_WRD_LaezelAfterVossAtChokepoint
glo_incurablewound,OM_Shadowheart_AOM
glo_karlach,WRD_DammonDead
glo_legendofansurbook,PAD
glo_steelwatchers,OM_Karlach_COM,OM_Karlach_AOM_OOM
glo_tadpole,GD_FirstUse
gob_selunetemple,OM_ShadowHeart_AOM_OOM,OM_ShadowHeart_COM
hag_gurhunter,OM_Astarion_AOM_OOM,OM_Astarion_COM
hag_hag,RD_TadpoleDivine_Karlach
hav_takingisobel,BriefInRoom_OM_DarkUrge_AOM
hav_tieflingkids,OM_Karlach_AOM_OOM,OM_Karlach_COM
int_githyankiambush,VossDecision_OM_Laezel_COM,VlaakithsHandAfterCombat_OM_Laezel_AOM_OOM,VossDecision_OM_Laezel_AOM,VlaakithsHandAfterCombat_OM_Laezel_COM
irn_ironthrone,ReturnRavengard_OM_Wyll_COM,AfterArrival_OM_Wyll_COM,ReturnRavengard_OM_Wyll_AOM_OOM
jaheira_warning1,Jaheira_Warning1,Halsin_Warning1,Wyll_Warning1,Karlach_Warning1,ShadowHeart_Warning1,Minthara_Warning1,Astarion_Warning1,Gale_Warning1,Minsc_Warning1,Laezel_Warning1
karlach_inparty,Nested_JaheiraLeavesTeam,Nested_FourthWall,Nested_WyllSentToHell,Nested_AfterWyllConfrontation,Shadowheart_InParty_Nested_TopicalGreetings,Nested_MizorasCapture,Nested_AcceptedGortashAlliance,Jaheira_InParty_Nested_DanthelonsAftermath,Nested_HalsinRomance,Minthara_InParty_Nested_Backstory,Jaheira_InParty_Nested_SecretScroll,Halsin_InParty_Nested_WyrmsCrossingDream,Nested_GortashDefeated,Nested_MetJaheira,Nested_Overdrive,Nested_MintharaToDen,Halsin_InParty_Nested_Polyamory,Minthara_InParty_Nested_PartyMemberThoughts,Nested_TopicalGreetings,Nested_ShadowheartAndShar,Nested_TadpoleDiscussions,Minthara_InParty_Nested_IPRDs,Nested_RaphaelContract,Nested_PriestessGut,Jaheira_InParty_Nested_CountingHouse,Nested_BackInHell,Halsin_InParty_Nested_TopicalGreetings,Minsc_InParty_Nested_TopicalGreetings,Jaheira_InParty_Nested_KarlachMinscQuestions,Nested_RejectedGortashAlliance,Nested_FirstUpgrade,Karlach_InParty,Nested_AstarionBiteConfrontation,Halsin_InParty_Nested_LowerCityDream,Nested_GortashSighting,Jaheira_InParty_Nested_RecruitMinsc,Jaheira_InParty_Nested_OrinDopplegangers,Halsin_InParty_Nested_LetterFromGrove,Nested_FlorrickMentionsGortash,Nested_PlayPretend,Nested_SleptWithMizora,Nested_GenericQuestions,Nested_WyllTransformation,Minsc_InParty,Nested_SoulCoin,Minthara_InParty_Nested_Affections,Minthara_InParty,Minsc_InParty_Nested_PersonalQuestions,Nested_MolsDeal,Nested_SecondUpdate,Jaheira_InParty_Nested_HighApprovalQuestions,Minthara_InParty_Nested_TopicalGreetings,Jaheira_InParty_Nested_TopicalGreetings,Halsin_InParty,Jaheira_InParty,Jaheira_InParty_Nested_FamilyAndHarpers,Nested_DarkUrgeCondition,Nested_Backstory,Nested_AstarionConfession
karlach_inpartyend,Karlach_InPartyEND,Wyll_InPartyEND,Minthara_InPartyEND,Minsc_InPartyEND,Laezel_InPartyEND,Astarion_InPartyEND,Halsin_InPartyEND,ShadowHeart_InPartyEND,Jaheira_InPartyEND,Gale_InPartyEND
laezel_recruitment,InCage,ShadowHeart_Recruitment_Beach,Karlach_Recruitment_WyrmsPrison,ShadowHeart_Recruitment_Den,ShadowHeart_Recruitment_Gob,Crash,Wyll_Recruitment_PostEA,Plains,Wyll_Recruitment_PostDruidAttack_PostEA,Shadowheart_Recruitment_Camp,Minsc_Recruitment,Karlach_Recruitment,Astarion_Recruitment,ShadowHeart_Recruitment,Astarion_Recruitment_Ship,Ship,Minthara_Recruitment,Creche,Wyll_Recruitment_ToCave,Jaheira_Recruitment_Moonrise,Laezel_Recruitment
low_agraveyardhello,OM_Karlach_COM,OM_Karlach_AOM_OOM,PAD_SpottedParentsGraves
low_anoldfriend,PAD_KarlachSpotsFrytz,OM_Karlach_AOM_OOM,OM_Karlach_COM
low_bhaaltemple,OM_OrinDarkUrge_AOM
low_cazadorspalace,RitualRoom_PreCombat_OM_Astarion_AOM_COM_OOM,Cells_OM_Astarion_AOM_OOM,Kennel_OM_Astarion_COM,Kennel_OM_Astarion_AOM_OOM,Cells_OM_Astarion_COM,RitualRoom_PostCombat_OM_Astarion_AOM_COM_OOM
low_elfsong,GithyankiShield_OM_Laezel_COM,GithyankiShieldo_OM_Laezel_AOM_OOM
low_elminster,OM_Gale_AOM_OOM,GLO_Elminster_OM_Gale_AOM_OOM,GLO_Elminster_OM_Gale_COM,OM_Gale_COM
low_florrickfight,OM_Wyll_AOM_COM_OOM,DialogHook,OM_Wyll_AOM_OOM
low_florrickfightfallback,WithoutWyll,OM_Wyll_AOM_OOM,OM_Wyll
low_guildhall,Ninefingers_OM_Minsc_COM_OOM,Roah_OM_Minsc_COM_OOM,NineFingers_OM_Minsc_DuringCoup_COM,NineFingers_OM_Minsc_DuringCoup_OOM,Ninefingers_OM_Minsc_OOM,BossFriol_OM_Minsc_COM_OOM
low_gurfollowup,OM_Astarion_COM,OM_Astarion_AOM_OOM
low_houseofgrief,MeetingViconia_OM_Shadowheart_AOM_OOM,OM_Shadowheart_COM,OM_Shadowheart_AOM_OOM,MeetingViconia_OM_Shadowheart_COM
low_houseofhope,WRD_LaezelTookHammerFromHoH
low_jaheiraanddaughter01,OM_Jaheira_OOM,OM_Jaheira_COM
low_jaheiraanddaughter02,OM_Jaheira_COM,OM_Jaheira_OOM
low_jaheiraanddaughter03,OM_Jaheira_COM,OM_Jaheira_OOM
low_jaheiraandfamily,OM_Jaheira_COM,OM_Jaheira_OOM
low_jaheiraandson01,OM_Jaheira_COM,OM_Jaheira_OOM
low_jaheiraandson02,OM_Jaheira_OOM,OM_Jaheira_COM
low_jaheirasecretroom,OM_Jaheira_COM
low_jaheirasscroll,WRD_Jaheira
low_karlach,AvatarInHouseOfHope,COL_Karlach_AvatarSawGortash,MOO_Karlach_PAD_GortashLetter
low_shargrotto,ParentsFate_OM_Shadowheart_COM,ConfrontViconia_OM_Shadowheart_AOM_OOM,ParentsFate_OM_Shadowheart_AOM_OOM,ConfrontViconia_OM_Shadowheart_COM,ViconiaDefeated_OM_Shadowheart_AOM_OOM,FamiliarFace_OM_Shadowheart_COM,ViconiaDefeated_OM_Shadowheart_COM,MemoryRecovery_OM_Shadowheart_AOM_OOM,FamiliarFace_OM_Shadowheart_AOM_OOM,MemoryRecovery_OM_Shadowheart_COM
low_stormshoretabernacle,MystraShrine_OM_Gale_AOM_OOM,MystraShrine_OM_Gale_COM
minsc_boo,PAD_ToInventory,AD_ThrowBoo,PAD_BooDied,PAD_Summon,PAD_Retreat,AD
minsc_swd,Minsc_SWD
minsc_warning2,Minsc_Warning2,Laezel_Warning2,Gale_Warning2,Minthara_Warning2,Astarion_Warning2,ShadowHeart_Warning2,Karlach_Warning2,Wyll_Warning2,Jaheira_Warning2,Halsin_Warning2
moo_assault,DarkUrgeButlerReminder_AOM
moo_groundfloor,Execution_RD_Minsc,Execution_RD_Wyll,Execution_RD_Laezel,Execution_RD_Karlach,Execution_RD_Shadowheart,Execution_RD_Gale,Execution_RD_Astarion
moo_infernalvendor,OM_Astarion_COM
moo_moonrisebazarsoulcoins,OM_Karlach_COM,OM_Karlach_AOM_OOM
moo_necrolab,OM_Wyll_AOM_OOM,OM_Wyll_COM
ori_astarion,PAD_VampiricNatureDiscussion,CC_Astarion_Intro,GLO_Astarion_PAD_AstarionKidnapped
ori_astarionhunger,PAD_BoarFound,BoarExamine_POM_Astarion,BoarExamine
ori_astarionisavamp,PAD_KarlachWasBitten,PAD,PAD_GaleWasBitten
ori_gale,Deathvoice_Reminder,PAD_GotHagItem_Single,PAD_GotSeluneItem_Double,PAD_GotTollhouseMagicalWeapon_Single,PAD_GotMyconidItem_Double,AD_AvatarWorsens,PAD_SawSeluneItem_Double,TaraKilled_AD,PAD_GotIdol_Single,PAD_SawMyconidItem_Single,PAD_DeathNoteLava,AD_AvatarStrengthens,PAD_SawTollhouseMagicalWeapon_Double,PAD_GotDuergarItem_Double,PAD_GotIronFlask_Double,PAD_SawDangerousBook_Double,PAD_SawDuergarItem_Single,PAD_SawIdol_Single,PAD_SawHagItem_Single,PAD_SawIronFlask_Double,DeathFlute,PAD_SawSeluneItem_Single,AvatarStrengthens,PAD_GotMyconidItem_Single,PAD_GotDangerousBook_Double,PAD_GotTollhouseMagicalWeapon_Double,DeathPouch,PAD_GotSeluneItem_Single,PAD_GotHagItem_Double,PAD_GotIdol_Double,AD_BombComplain,PAD_SawMyconidItem_Double,CC_Gale_Intro,PAD_GotDuergarItem_Single,PAD_SawTollhouseMagicalWeapon_Single,PAD_SawDangerousBook_Single,PAD_GotIronFlask_Single,PAD_SawHagItem_Double,PAD_SawIronFlask_Single,PAD_SawDuergarItem_Double,PAD_SawIdol_Double
ori_jaheira,AttackedJaheiraAllies,PaperAcquired,PAD_AttackedAlly
ori_karlach,AvatarSecondUpgrade,CC_Karlach_Intro,AvatarTransformsIntoMindflayer,FoundSoulCoin,PAD_RemindsAboutPaladins,AvatarOverdrive
ori_khalidsgiftworn,PAD_Jaheira
ori_laezel,PAD_PlayersSeeShadowcursedLaezel,CC_Laezel_Intro
ori_minthara,AD_Steelwatcher,PAD_FirstUrgeImpulseSeenReactivity,AD_CazadorsPalace,AD_BaldursMouth,PAD_SlayerFormReactivity,AD_HouseOfGrief,AD_BhaalTemple,PAD_OrinDopplgangerEncounter,AD_Guildhall,PAD_OrinDopplegangerEncounter02,PAD_BhaalTemple,AD_Refugees
ori_resurrected,WRD_Gale
ori_shadowheart,PAD_ViconiaWolf,FindsPlayerStealingBox,CC_Shadowheart_Intro,PAD_SeluneReactivity_Altar,PAD_SeluneReactivity_Book,PAD_SeluneReactivity_Misc,PAD_WolfFearReflection,PAD_SeluneReactivity_Item,WolfDream,PAD_WoundFlareUp,PAD_WolfFear,GLO_ShadowHeart_AD_SuccessfulCombat
pb_astarion,Shadowheart_Laezel,Laezel_Lore,Shadowheart_ROM_Act2_Sunlight,Minthara_MorphicPool,Wyll_ROM_Act1,Wyll_Underdark,Minthara_ROM_Act2,Jaheira_OskarsBeloved,Gale_Flirt,Karlach_HagSwamp,Laezel_Combat,Minthara_WyrmsRock,Minthara_ROM_Act3,Wyll_RoadToSCL,Karlach_BaldursMouth,Jaheira_BaldursGate,Wyll_Gale_Cazador,Shadowheart_SCL_Forest,Gale_GeneralSewers,Laezel_Sunlight,Laezel_Rivington,Laezel_ReithwinVillage,Gale_RebelHideout,Shadowheart_HouseOfHealing,Minthara_Bonecloaks,Wyll_Vampire,Gale_ROM_Act2,Laezel_ROM_Act3,Gale_Moonrise_General,Karlach_ROM_Act1_001,Laezel_Brewery,Wyll_Moonrise_Oubliette,Laezel_ROM_Act2,Gale_ROM_Act3,Gale_Colony_TadpolingCentre,Gale_Moonrise_BridgeFirstTime,Gale_Illusion,Shadowheart_ROM_Act3_Selune,Shadowheart_Temple,Laezel_BhaalTemple,Laezel_ROM_Act1,Gale_ROM_Act1,Minthara_ThormMausoleum,Halsin_ROM_Act3,Karlach_MountainPass,Shadowheart_LastLight_Protected,Shadowheart_ROM_Act1_Wine,Karlach_Forest,Shadowheart_Guildhall,Wyll_ROM_Act3,Karlach_ROM_Act3,Karlach_LastLight_Graveyard,Laezel_SharTemple,Wyll_BloomridgePark,Wyll_Wyrmway,Gale_Bomb,Shadowheart_Goblins,Gale_Monastery,Shadowheart_Guildhall_Entrance,Laezel_Moonrise_Docs,Shadowheart_Laezel_Flirt,Wyll_Forest,Gale_Colony_Generall,Gale_Shadowheart_Love,Wyll_ROM_Act2,Karlach_ROM_Act2,Laezel_BlushingMermaid
pb_gale,Shadowheart_ROM_Act3_Selune,Shadowheart_Bonecloaks,Karlach_Forest,Wyll_ROM_Act3_001,Laezel_ROM_Act3,Karlach_SorcerousSundries,Astarion_Creche,Shadowheart_ROM_Act2,Minthara_Rivington,Laezel_ROM_Act2,Laezel_CazadorsPalace,Karlach_RoadToSCL,Astarion_ROM_Act1,Wyll_MorphicPool,Wyll_MountainPass,Karlach_ROM_Act2,Laezel_Battlefield,Wyll_ROM_Act1,Shadowheart_SteelWatch,Astarion_Tabernacle,Karlach_ROM_Act3,Jaheira_BhaalTemple,Laezel_SCL_Forest,Shadowheart_ROM_Act3_Shar,Laezel_Moonrise,Karlach_Plains,Shadowheart_Lodge,Wyll_MoonriseApproach,Karlach_ROM_Act1,Wyll_ROM_Act2,Karlach_Grymforge,Astarion_ROM_Act3_Ascendant,Astarion_ROM_Act3_Spawn,Karlach_CountingHouse,Wyll_Tollhouse,Minthara_ROM_Act2,Laezel_SCE,Astarion_ROM_Act2,Karlach_LastLightShrine,Karlach_Colony,Wyll_BaldursMouth,Shadowheart_Morgue,Shadowheart_ROM_Act1,Laezel_ROM_Act1,Laezel_Astral,Wyll_MasonsGuild,Halsin_AbandonedHouse,Halsin_ROM_Act3,Shadowheart_SharTemple,Shadowheart_Haven,Laezel_Philgraves,Minthara_ROM_Act3
pb_halsin,Wyll_Brewery,Gale_Mausoleum,Shadowheart_SCL,Gale_WyrmsRock,Wyll_ROM_Act3,Shadowheart_ROM_Act3_Selune,Astarion_ROM_Act3_Spawn,Karlach_Moonrise,Karlach_SorcerousSundries,Karlach_MasonsGuild,Wyll_LastLightShrine,Jaheira_Park,Gale_ReithwinTown,Wyll_TadpolingCenter,Laezel_CountingHouse,Astarion_ROM_Act3_Ascendant,Karlach_Lodge,Gale_ROM_Act3,Shadowheart_ROM_Act3_Shar,Karlach_MoonriseSCE,Karlach_BlushingMermaid,Karlach_MorphicPool,Karlach_ROM_Act3,Astarion_WaterQueen,Gale_LastLight,Wyll_MoonrisePrison,Shadowheart_SteelWatchFoundry,Karlach_LastLightFallen,Shadowheart_SharTemple
pb_jaheira,Astarion_NorthAlleys,Minsc_Guildhall,Halsin_ROM_Act3,Astarion_ROM_Act3_Ascendant,Gale_ROM_Act3,Shadowheart_WyrmSouth,Astarion_ROM_Act3_Spawn,Karlach_ROM_Act3,Wyll_ROM_Act3,Laezel_Docks,Laezel_ROM_Act3,Shadowheart_ROM_Act3_Shar,Shadowheart_MorphicPool,Shadowheart_ROM_Act3_Selune
pb_karlach,Astarion_ROM_Act3_002,Laezel_Underdark,Wyll_SharTemple,Shadowheart_ReithwinTown,Laezel_WyrmsRock,Laezel_ROM_Act1_001,Wyll_NorthAlleys,Laezel_Plains,Shadowheart_BloombridgePark,Wyll_Riverbank,Gale_ROM_Act3_001,Gale_ROM_Act2_001,Gale_SCLForest,Laezel_RoadToSCL,Minthara_ROM_Act3_001,Minthara_ROM_Act2_001,Jaheira_Bonecloaks,Astarion_ROM_Act1_001,Gale_Brewery,Halsin_MoonriseAssault,Shadowheart_MorphicPool,Wyll_ROM_Act1_001,Halsin_Battlefield,Gale_MoonriseDocks,Jaheira_SteelWatch,Jaheira_WaterqueensHouse,Gale_MountainPass,Shadowheart_ROM_Act2_001,Shadowheart_ROM_Act3_001,Halsin_LastLightGraveyard,Astarion_Plains,Shadowheart_Creche,Gale_BlushingMermaid,Laezel_HouseOfHope,Astarion_Docks,Astarion_Rivington,Minsc_BhaalTemple,Laezel_ROM_Act3_001,Laezel_ROM_Act2_001,Laezel_Monastery,Shadowheart_ROM_Act3_002,Shadowheart_BaldursMouth,Wyll_CountingHouse,Halsin_ROM_Act3_001,Shadowheart_HagSwamp,Halsin_Guildhall,Wyll_ThormMausoleum,Wyll_LastLightProtected,Shadowheart_Forest,Laezel_Forest,Laezel_IllithidColony,Gale_MoonriseApproach,Gale_ROM_Act1,Gale_Underdark,Shadowheart_ROM_Act1_001,Gale_Tollhouse,Shadowheart_MoonrisePrison,Shadowheart_MoonriseOubliette,Shadowheart_Moonrise,Astarion_FelogyrsFireworks,Wyll_ROM_Act2_001,Wyll_ROM_Act3_001,Astarion_ROM_Act2_001,Astarion_ROM_Act3_001,Shadowheart_SharTemple,Laezel_SCLForest,Astarion_Grymforge,Gale_BlightedVillage
pb_laezel,Shadowheart_Moonrise,Wyll_HeroAct,Astarion_Steelwatch,Karlach_ROM_Act2_001,Karlach_ROM_Act3_001,Gale_Stance,Wyll_FlamingFist,Karlach_WyrmsRock,Shadowheart_ROM_Act1_001,Wyll_Mizora,Gale_Wyll_Illithid,Karlach_Plains,Gale_Purification1,Wyll_ROM_Act2_001,Wyll_ROM_Act3_001,Gale_BaldursMouth,Astarion_MasonsGuild,Astarion_Act3_002,Minthara_Guildhall,Minthara_HouseOfHealing,Gale_WaterqueensHouse,Astarion_Poem,Shadowheart_ROM_Act3_002,Astarion_Creche,Minthara_Morgue,Shadowheart_MoonriseApproach,Wyll_Dangers,Gale_ROM_Act2,Gale_BloomridgePark,Gale_MoonriseOubliette,Karlach_OskarsBeloved,Gale_Dialect,Shadowheart_Weapon,Minthara_Act3_ROM_001,Gale_UpperTracks,Astarion_ROM_Act2_002,Gale_TadpolingCenter,Gale_ROM_Act1,Wyll_ROM_Act1_001,Minthara_Act2_ROM_001,Gale_Rivington,Gale_FelogyrsFireworks,Karlach_ROM_Act1_001,Wyll_Creche,Shadowheart_ROM_Act2_001,Shadowheart_ROM_Act3_001,Gale_AbandonedHouse,Shadowheart_Peace,Minthara_NorthAlleys,Astarion_Vampire,Shadowheart_LastLightCursed,Wyll_GeneralSewers,Gale_Astral,Astarion_ROM_Act1_001,Astarion_Act3_001,Halsin_Act3_ROM_001,Gale_Shadowheart_Vlaakith,Gale_Purification2,Karlach_Battlefield,Shadowheart_PreFight,Wyll_EasternDocks,Shadowheart_MountainPass,Minthara_IllithidColony,Astarion_MoonriseAssault,Shadowheart_MorphicPool,Gale_ROM_Act3_001,Minthara_SCLForest,Astarion_IllithidColony
pb_minsc,Astarion_ROM_Act3_Ascendant,Wyll_ROM_Act3,Karlach_ROM_Act3,Gale_SorcerousSundries,Halsin_BaldursMouth,Astarion_UpperTracks,Halsin_ROM_Act3,Karlach_GuildhallEntrance,Wyll_Bonecloaks,Karlach_MorphicPool,Astarion_EasternDocks,Astarion_BasiliskGate,Karlach_UndercityRuins,Shadowheart_ROM_Act3_Shar,Wyll_Lodge,Jaheira_CazadorsPalace,Shadowheart_ROM_Act3_Selune,Gale_ROM_Act3,Laezel_ROM_Act3,Astarion_ROM_Act3_Spawn,Gale_HouseOfHope,Jaheira_BloomridgePark,Halsin_FelogyrsFireworks,Karlach_Berserkers,Gale_WaterQueen,Wyll_WC_SouthSpan,Jaheira_GeneralSewers,Jaheira_BlushingMermaid
pb_minthara,Astarion_ROM_Act3_001,Astarion_ROM_Act2,Shadowheart_ROM_Act3_002,Party_GortashAlliance,Emperor_Laezel_BaldursGate,Wyll_ROM_Act3_002,PAD_GortashCeremony,Shadowheart_Rivington,Astarion_ROM_Act3,Astarion_SCLForest,Karlach_ROM_Act3_002,Gale_ROM_Act3,Astarion_MoonriseEpilogue,Laezel_ROM_Act3,Laezel_ROM_Act3_001,Laezel_Lodge,Gale_ROM_Act2,Shadowheart_FelogyrsFireworks,Laezel_BasiliskGate,Laezel_MorphicPool,Laezel_LastLightProtected,Shadowheart_SorcerousSundries,Laezel_RebelHideoutMasonsGuild,Wyll_ROM_Act3_001,Shadowheart_ROM_Act3_001,Karlach_AbandonedCistern,Shadowheart_Wyrmway,Astarion_LastLightCursed,Karlach_ROM_Act3,Astarion_CazadorsPalace
pb_shadowheart,Wyll_Spelling,Wyll_WyrmSouth,Minthara_ROM_Act3,Halsin_SCLForest,Laezel_Gith3,Laezel_ROM_Act1,Karlach_RebelHideoutMasonsGuild,Wyll_MoonriseEpilogue,Wyll_ROM_Act1,Astarion_MountainPass,Gale_BlushingMermaid,Wyll_WaterQueen,Astarion_ROM_Act1_PickUpArtist,Astarion_Sweetheart,Karlach_BlightedVillage,Laezel_Gith2,Wyll_Fangirl,Minsc_Intro1,Minthara_ROM_Act2,Astarion_Tollhouse,Halsin_ROM_Act3,Gale_ROM_Act2,Halsin_IllithidColony,Gale_MorphicPool,Laezel_Peace,Karlach_Grymforge,Astarion_Food,Laezel_Underdark,Karlach_Monastery,Astarion_Vampire,Astarion_Wyll,Astarion_SharTemple,Minthara_TadpolingCenter,Wyll_UpperTracks,Astarion_ROM_Act3_Ascendant,Wyll_DevilFee,Minthara_LastLightCursed,Karlach_ROM_Act2_001,Wyll_BhaalTemple,Halsin_MoonriseAssault,Gale_Refugees,Laezel_Gale_Creche,Astarion_Moonrise,Laezel_MoonrisePrison,Laezel_PreFight,Astarion_Philgraves,Wyll_Legacy,Wyll_Training,Karlach_MoonriseApproach,Gale_ROM_Act1,Wyll_Tabernacle,Astarion_Battlefield,Astarion_CountingHouse,Wyll_MasonsGuild,Minthara_ReithwinVillageOutdoors,Astarion_Swamp,Astarion_Darkness,Laezel_Gith1,Minsc_Intro2,Halsin_Mausoleum,Karlach_RoadToSCL,Gale_Convert,Wyll_AbandonedCistern,Laezel_ROM_Act3,Laezel_ROM_Act2,Gale_LastLightShrine,Astarion_CazadorsPalace,Gale_AfterNight2
pb_wyll,Gale_ROM_Act1,Jaheira_UndercityRuins,Halsin_ROM_Act3_001,ShadowHeart_BloomridgePark,Shadowheart_MoonriseDocks,Gale_ReithwinVillageOutdoors,Laezel_IllithidColony,Shadowheart_LastLightGraveyard,Shadowheart_ROM_Act3_001,Shadowheart_ROM_Act2_001,Gale_Astarion_Netherese,Gale_MoonriseGeneral_AssaultState,Shadowheart_Warehouse,Shadowheart_Monastery,Astarion_BlushingMermaid,Karlach_ROM_Act1_001,Laezel_ROM_Act3_001,Laezel_ROM_Act2_001,Halsin_PhilgraveMansion,Gale_MoonriseGeneral,Minsc_MorphicPool,Astarion_ROM_Act3_001,Astarion_ROM_Act2_001,Jaheira_CountingHouse,Astarion_Vampire,Laezel_MountainPass,Halsin_ThormMausoleum,Jaheira_BasiliskGate,Gale_ROM_Act3_001,Astarion_Forest,Karlach_SouthDocks,Astarion_MoonriseBridge,Karlach_ROM_Act2_001,Karlach_ROM_Act3_001,Laezel_Gale_Illithid1,Laezel_Illithid2,Astarion_SCL_FishermansHut,Shadowheart_ROM_Act1_001,Laezel_WC_SouthSpan,Halsin_SharTemple,Gale_Potential,Laezel_Altruism,Minthara_ROM_Act2_001,Minthara_ROM_Act3_001,Gale_SCL_Forest,Astarion_ROM_Act3_002,Halsin_SCL_BattlefieldRemains,Jaheira_GuildhallEntrance,Gale_Bomb,Gale_Guildhall,Shadowheart_Selune,Laezel_SteelWatchFoundry,Gale_HouseOfHealing,Astarion_WyrmsRock,Shadowheart_ROM_Act3_002,Astarion_ROM_Act1_001,Astarion_Hunting,Gale_Tadpole,Gale_ROM_Act2,Astarion_Drink,Gale_MoonrisePrison
pla_flamingfists,OM_Wyll_AOM_OOM,OM_Wyll_COM
pla_githchokepoint,OM_Laezel_COM,OM_Laezel_AOM_OOM
pla_paladinsoftyr,WRD_Karlach
pla_paladinsoftyr,OM_Karlach_COM,OM_Karlach_AOM_OOM
pla_pregithchokepoint,WRD_Laezel
pla_wyllconfrontation,OM_Wyll_COM,OM_Wyll_VB,OM_Wyll_AOM_OOM
scratch_summonunavailable,PAD
sha_claimingnightsong,OM_Shadowheart_ACM_AOM_OOM,OM_Shadowheart_COM
sha_nightsongprison,OM_Shadowheart_COM,OM_Shadowheart_AOM_OOM
sha_nightsongsfate,OM_Shadowheart_AOM_OOM_COM
sha_sharwrath,OM_Shadowheart_AOM
sha_templeleave,OM_Shadowheart_COM
shadowheart_dead,Shadowheart_Dead,Wyll_Dead,Astarion_Dead,Jaheira_Dead,Laezel_Dead,Gale_Dead
shadowheart_revived,ShadowHeart_Revived
tut_start,OM_Shadowheart_AOM
twn_deadgithmap,OM_Laezel_AOM_ACM_COM_OOM
twn_mizorascapture,TWN_MizorasCapture,OM_Wyll_COM_AOM_OOM,OM_Wyll_AOM_OOM
und_mushroomhunter,ConsumeNobleStalk_OM_Shadowheart_AOM
und_sporeservant,GD
wyll_inparty2,Nested_AstralTadpoleBranch,Nested_SnakeCourtBranch,Nested_GortashCeremony,Gale_InParty2_Nested_HadSex,Astarion_InParty2_Nested_FetchingAstarion,Nested_RavengardResurrectedBranch,Nested_ArrivedIRN,Astarion_InParty2_Nested_SharWorshipper,Gale_InParty2_Nested_TopicalGreetings,Astarion_InParty2_Nested_OrthonResolvedHappy,ShadowHeart_InParty2_Nested_CityChapter,Astarion_InParty2_Nested_TopicalGreetings,Astarion_InParty2_Nested_RaphaelAndOrthon,Gale_InParty2_Nested_SpellTeaching_Connected,Astarion_InParty2_Nested_CazadorTalk,ShadowHeart_InParty2_Nested_ShadowCurseChapter,Astarion_InParty2_Nested_HighApprovalFlirt,Astarion_InParty2_Nested_AttemptedBite,Nested_DarkUrgeCondition,Gale_InParty2_Nested_RomanticFeelings,Laezel_InParty2_Nested_PartneringRelated,Nested_TopicalGreetings,Nested_AfterMizorasPact,Astarion_InParty2_Nested_SpendNightInWyr,Astarion_InParty2_Nested_PartialCeremorph,Laezel_InParty2_Nested_InitiateDating,Astarion_InParty2_Nested_BlackMassFollowUp,Nested_FreedMizora,ShadowHeart_InParty2,Gale_InParty2_Nested_GotFirstItem,Astarion_InParty2_Nested_SparePhrases,Astarion_InParty2,Astarion_InParty2_Nested_JourneyToCazador,Laezel_InParty2_Nested_DefaultQuestionBank,Astarion_InParty2_Nested_KilledYou,Gale_InParty2_Nested_BackgroundStory,Laezel_InParty2_Nested_OrpheusQuestions,Gale_InParty2_Nested_LanceboardPuzzle,Laezel_InParty2_Nested_VlaakithBetrayal,Gale_InParty2,Astarion_InParty2_Nested_InCazadorPalace,ShadowHeart_InParty2_Nested_SharranChapter,Nested_IllithidPowersBranch,Nested_RaphaelBranch,Nested_NewsOfRavengard,Gale_InParty2_Nested_DarkUrgeConfession,Nested_FinalState,Laezel_InParty2_Nested_AboutMeetingDaisyInsideArtefact,Astarion_InParty2_Nested_CazadorHistory,Laezel_InParty2,Nested_PostFlorrickConfrontation,Gale_InParty2_Nested_AstarionReveal2,Astarion_InParty2_Nested_MetRaphaelInAct1,Gale_InParty2_Nested_Karsus,ShadowHeart_InParty2_Nested_DefaultChapter,Gale_InParty2_Nested_ArcaneTower,Gale_InParty2_Nested_AdditionalGreetings,Laezel_InParty2_Nested_TopicalGreetings,Nested_AstarionConfession,Gale_InParty2_Nested_AstarionReveal,Nested_RavengardInTowersBranch,Nested_Partnered,ShadowHeart_InParty2_Nested_ShadowheartKiss,Astarion_InParty2_Nested_SunLance,Nested_EnteredCityBranch,Astarion_InParty2_Nested_Sebastian,Nested_DevilBranch,ShadowHeart_InParty2_Nested_ShadowheartHug,Nested_Stelmane,Laezel_InParty2_Nested_RelationshipConversation,Astarion_InParty2_Nested_DarkUrge,ShadowHeart_InParty2_Nested_OriginChapter,Laezel_InParty2_Nested_OrpheusChapters,Astarion_InParty2_Nested_TadpolePowers,Wyll_InParty2,Nested_RaphaelMol,Astarion_InParty2_Nested_VampireReveal,ShadowHeart_InParty2_Nested_BackgroundChapter,Gale_InParty2_Nested_TellAboutSelf,Nested_AnsurIsDead,ShadowHeart_InParty2_Nested_Romance,Astarion_InParty2_Nested_ControllingTadpole,Gale_InParty2_Nested_GotSecondItem,Nested_MetKarlach,Astarion_InParty2_Nested_PartneredWithAstarion,Nested_FullPactStoryBranch,Nested_PostJudgement,Nested_BladeStory,Astarion_InParty2_Nested_RaphaelRevealedScars,Astarion_InParty2_Nested_BloodMerchantAftermath,Gale_InParty2_Nested_SpellTeachingSuccess,Gale_InParty2_Nested_ShadowheartShar,Laezel_InParty2_Nested_AstarionConfession,Nested_KissBranch
wyll_leaving,Wyll_Leaving,ShadowHeart_Leaving,Karlach_Leaving,Gale_Leaving,Minsc_Leaving,Minthara_Leaving,Astarion_Leaving,Laezel_Leaving,Jaheira_Leaving,Halsin_Leaving
wyr_axe,Harpers_OM_Jaheira_OOM
wyr_entrancestatue,OM_Wyll_COM_OOM
wyr_gortashconfrontation,OM_KarlachAndGortashEncounter_AOM_OOM,OM_KarlachAndGortashEncounter_COM,PAD_KarlachInPrison,PAD_KarlachSpotsPermadefeatedGortash
wyr_gurcamp,Intro_OM_Astarion_AOM_OOM,Intro_OM_Astarion_COM
wyr_killdirectorgortash,Ceremony_OM_Karlach_COM
wyr_meetingmizora,OM_Wyll_COM_AOM_OOM,WYR_MeetingMizora
wyr_posthouse,GalesTressym_OM_Gale_AOM_COM_OOM,Tara_OM_Gale_AOM_COM_OOM
wyr_raphaeltango,WRD_LaezelAfterRaphaelSoloScene
wyr_refugeecamp,OM_Shadowheart_AOM_OOM,OM_Shadowheart_COM
wyr_vampirespawns,OM_Astarion_AOM_OOM,OM_Astarion_COM
